{
	"info": {
		"_postman_id": "bee8d4a3-f3b5-4fb9-9e26-1d3e2c9c076b",
		"name": "ContactsAPIs",
		"schema": "https://schema.getpostman.com/json/collection/v2.1.0/collection.json",
		"_exporter_id": "732190"
	},
	"item": [
		{
			"name": "TokenAPI",
			"item": [
				{
					"name": "tokenAPI",
					"event": [
						{
							"listen": "test",
							"script": {
								"exec": [
									"const response = pm.response.json();",
									"console.log(response.token);",
									"",
									"pm.variables.set(\"token_id\", response.token);",
									"",
									"console.log(response.user.firstName);",
									"",
									"pm.test(\"Your test name\", function () {",
									"    pm.expect(response.user.firstName).to.eql(\"Naveen\");",
									"});"
								],
								"type": "text/javascript",
								"packages": {}
							}
						}
					],
					"request": {
						"method": "POST",
						"header": [],
						"body": {
							"mode": "raw",
							"raw": "{\n    \"email\": \"naveenanimation20@gmail.com\",\n    \"password\": \"test@123\"\n}",
							"options": {
								"raw": {
									"language": "json"
								}
							}
						},
						"url": {
							"raw": "https://thinking-tester-contact-list.herokuapp.com/users/login",
							"protocol": "https",
							"host": [
								"thinking-tester-contact-list",
								"herokuapp",
								"com"
							],
							"path": [
								"users",
								"login"
							]
						}
					},
					"response": []
				}
			]
		},
		{
			"name": "CreateUser",
			"item": [
				{
					"name": "POSTCALL",
					"request": {
						"method": "POST",
						"header": [
							{
								"key": "Authorization",
								"value": "Bearer eyJhbGciOiJIUzI1NiIsInR5cCI6IkpXVCJ9.eyJfaWQiOiI2NDg3MWE2NmY2ZDEzYzAwMTM3Y2IzMWEiLCJpYXQiOjE3MjEyOTE3NTZ9.pLcoaiy5vUz9cUJfhnKZ7SZLiu1_wZCuDKxL-WIXOrM",
								"type": "text"
							}
						],
						"body": {
							"mode": "raw",
							"raw": "{\n    \"firstName\": \"Naveen\",\n    \"lastName\": \"Automation\",\n    \"birthdate\": \"1970-01-01\",\n    \"email\": \"jdoe@fake.com\",\n    \"phone\": \"8005555555\",\n    \"street1\": \"1 Main St.\",\n    \"street2\": \"Apartment A\",\n    \"city\": \"Anytown\",\n    \"stateProvince\": \"KS\",\n    \"postalCode\": \"12345\",\n    \"country\": \"USA\"\n}",
							"options": {
								"raw": {
									"language": "json"
								}
							}
						},
						"url": {
							"raw": "https://thinking-tester-contact-list.herokuapp.com/contacts",
							"protocol": "https",
							"host": [
								"thinking-tester-contact-list",
								"herokuapp",
								"com"
							],
							"path": [
								"contacts"
							]
						}
					},
					"response": []
				}
			]
		},
		{
			"name": "GETUser",
			"item": [
				{
					"name": "GetAllUsers",
					"event": [
						{
							"listen": "test",
							"script": {
								"exec": [
									"",
									"var template = `",
									"    <table bgcolor=\"#FFFFFH\">",
									"        <tr bgcolor=\"#ff7f39\">  ",
									"            <th>ID</th>",
									"            <th>firstname</th>",
									"            <th>lastname</th>",
									"            <th>email</th>",
									"            <th>postcode</th>",
									"        </tr>",
									"         {{#each response}}",
									"            <tr>",
									"                <td>{{_id}}</td>",
									"                <td>{{firstName}}</td>",
									"                <td>{{lastName}}</td>",
									"                <td>{{email}}</td>",
									"                <td>{{postalCode}}</td>",
									"",
									"            </tr>",
									"        {{/each}}",
									"    </table>",
									"`;",
									"",
									"pm.visualizer.set(template, {response : pm.response.json()});",
									"",
									""
								],
								"type": "text/javascript",
								"packages": {}
							}
						}
					],
					"request": {
						"method": "GET",
						"header": [
							{
								"key": "Authorization",
								"value": "Bearer eyJhbGciOiJIUzI1NiIsInR5cCI6IkpXVCJ9.eyJfaWQiOiI2NDg3MWE2NmY2ZDEzYzAwMTM3Y2IzMWEiLCJpYXQiOjE3MjEzMTM1NTB9.eAwy2QcmcV96zBocVqNeS_TfKHOCdCBK3Y9X79lpdZE",
								"type": "text"
							}
						],
						"url": {
							"raw": "https://thinking-tester-contact-list.herokuapp.com/contacts/",
							"protocol": "https",
							"host": [
								"thinking-tester-contact-list",
								"herokuapp",
								"com"
							],
							"path": [
								"contacts",
								""
							]
						}
					},
					"response": []
				}
			]
		},
		{
			"name": "UpdateUser",
			"item": [
				{
					"name": "PUTCALL",
					"request": {
						"method": "PUT",
						"header": [
							{
								"key": "Authorization",
								"value": "Bearer eyJhbGciOiJIUzI1NiIsInR5cCI6IkpXVCJ9.eyJfaWQiOiI2NDg3MWE2NmY2ZDEzYzAwMTM3Y2IzMWEiLCJpYXQiOjE3MjEyOTE3NTZ9.pLcoaiy5vUz9cUJfhnKZ7SZLiu1_wZCuDKxL-WIXOrM",
								"type": "text"
							}
						],
						"body": {
							"mode": "raw",
							"raw": "{\n    \"firstName\": \"Naveen\",\n    \"lastName\": \"Automation\",\n    \"birthdate\": \"1970-01-01\",\n    \"email\": \"jdoe@fake.com\",\n    \"phone\": \"8005555555\"\n}",
							"options": {
								"raw": {
									"language": "json"
								}
							}
						},
						"url": {
							"raw": "https://thinking-tester-contact-list.herokuapp.com/contacts/",
							"protocol": "https",
							"host": [
								"thinking-tester-contact-list",
								"herokuapp",
								"com"
							],
							"path": [
								"contacts",
								""
							]
						}
					},
					"response": []
				}
			]
		},
		{
			"name": "DELETEUser",
			"item": [
				{
					"name": "DeleteUser",
					"request": {
						"auth": {
							"type": "basic",
							"basic": [
								{
									"key": "password",
									"value": "admin",
									"type": "string"
								},
								{
									"key": "username",
									"value": "admin",
									"type": "string"
								},
								{
									"key": "saveHelperData",
									"type": "any"
								},
								{
									"key": "showPassword",
									"value": false,
									"type": "boolean"
								}
							]
						},
						"method": "DELETE",
						"header": [
							{
								"key": "Authorization",
								"value": "Bearer eyJhbGciOiJIUzI1NiIsInR5cCI6IkpXVCJ9.eyJfaWQiOiI2NDg3MWE2NmY2ZDEzYzAwMTM3Y2IzMWEiLCJpYXQiOjE3MjEyMzE0NjV9.vwJgldllzhEnLgsRElJ1W13pXi7sikEUmCXobH7Nbbs",
								"type": "text"
							}
						],
						"url": {
							"raw": "https://thinking-tester-contact-list.herokuapp.com/contacts",
							"protocol": "https",
							"host": [
								"thinking-tester-contact-list",
								"herokuapp",
								"com"
							],
							"path": [
								"contacts"
							]
						}
					},
					"response": []
				}
			]
		},
		{
			"name": "PATCHUser",
			"item": [
				{
					"name": "PatchCall",
					"request": {
						"auth": {
							"type": "noauth"
						},
						"method": "PATCH",
						"header": [
							{
								"key": "Authorization",
								"value": "Bearer eyJhbGciOiJIUzI1NiIsInR5cCI6IkpXVCJ9.eyJfaWQiOiI2NDg3MWE2NmY2ZDEzYzAwMTM3Y2IzMWEiLCJpYXQiOjE3MjEyOTE3NTZ9.pLcoaiy5vUz9cUJfhnKZ7SZLiu1_wZCuDKxL-WIXOrM",
								"type": "text"
							}
						],
						"body": {
							"mode": "raw",
							"raw": "",
							"options": {
								"raw": {
									"language": "json"
								}
							}
						},
						"url": {
							"raw": "https://thinking-tester-contact-list.herokuapp.com/contacts/6697f347d52ae4001397daf2",
							"protocol": "https",
							"host": [
								"thinking-tester-contact-list",
								"herokuapp",
								"com"
							],
							"path": [
								"contacts",
								"6697f347d52ae4001397daf2"
							]
						}
					},
					"response": []
				}
			]
		}
	],
	"event": [
		{
			"listen": "prerequest",
			"script": {
				"type": "text/javascript",
				"packages": {},
				"exec": [
					""
				]
			}
		},
		{
			"listen": "test",
			"script": {
				"type": "text/javascript",
				"packages": {},
				"exec": [
					""
				]
			}
		}
	]
}