{
	"info": {
		"_postman_id": "8760e16a-4f90-4ecf-8508-2d99dfba4b13",
		"name": "GoRest APIs-Workflow",
		"schema": "https://schema.getpostman.com/json/collection/v2.1.0/collection.json",
		"_exporter_id": "732190"
	},
	"item": [
		{
			"name": "1- CreateAUser",
			"event": [
				{
					"listen": "test",
					"script": {
						"exec": [
							"const response = pm.response.json();//JS Object",
							"",
							"const userId = response.id;",
							"console.log(\"user id is == \" + userId);",
							"",
							"//C, G, E, L",
							"//set userid at local variable",
							"pm.variables.set(\"user_id\", userId);",
							"",
							"",
							"pm.test(\"Status code is 201\", function () {",
							"    pm.response.to.have.status(201);",
							"});",
							"",
							""
						],
						"type": "text/javascript",
						"packages": {}
					}
				}
			],
			"request": {
				"method": "POST",
				"header": [
					{
						"key": "Authorization",
						"value": "{{tokenID}}",
						"type": "text"
					}
				],
				"body": {
					"mode": "raw",
					"raw": "{\n    \"name\": \"{{$randomUserName}}\", //this is random name \n    \"email\": \"nal_{{$randomEmail}}\", //this is random email id\n    \"gender\": \"male\",\n    \"status\": \"active\"\n}",
					"options": {
						"raw": {
							"language": "json"
						}
					}
				},
				"url": {
					"raw": "{{baseURL}}/public/v2/users",
					"host": [
						"{{baseURL}}"
					],
					"path": [
						"public",
						"v2",
						"users"
					]
				}
			},
			"response": []
		},
		{
			"name": "2- GETAUser",
			"event": [
				{
					"listen": "test",
					"script": {
						"exec": [
							"pm.test(\"Status code is 200\", function () {",
							"    pm.response.to.have.status(200);",
							"});",
							"",
							""
						],
						"type": "text/javascript",
						"packages": {}
					}
				}
			],
			"request": {
				"method": "GET",
				"header": [
					{
						"key": "Authorization",
						"value": "{{tokenID}}",
						"type": "text"
					}
				],
				"url": {
					"raw": "{{baseURL}}/public/v2/users/{{user_id}}",
					"host": [
						"{{baseURL}}"
					],
					"path": [
						"public",
						"v2",
						"users",
						"{{user_id}}"
					]
				}
			},
			"response": []
		},
		{
			"name": "3-UpdateAUser",
			"event": [
				{
					"listen": "test",
					"script": {
						"exec": [
							"pm.test(\"Status code is 200\", function () {",
							"    pm.response.to.have.status(200);",
							"});",
							"",
							""
						],
						"type": "text/javascript",
						"packages": {}
					}
				}
			],
			"request": {
				"method": "PATCH",
				"header": [
					{
						"key": "Authorization",
						"value": "{{tokenID}}",
						"type": "text"
					}
				],
				"body": {
					"mode": "raw",
					"raw": "{\n        \"status\": \"inactive\"\n\n}",
					"options": {
						"raw": {
							"language": "json"
						}
					}
				},
				"url": {
					"raw": "{{baseURL}}/public/v2/users/{{user_id}}",
					"host": [
						"{{baseURL}}"
					],
					"path": [
						"public",
						"v2",
						"users",
						"{{user_id}}"
					]
				}
			},
			"response": []
		},
		{
			"name": "4-DeleteAUser",
			"event": [
				{
					"listen": "test",
					"script": {
						"exec": [
							"pm.test(\"Status code is 204\", function () {",
							"    pm.response.to.have.status(204);",
							"});",
							"",
							""
						],
						"type": "text/javascript",
						"packages": {}
					}
				}
			],
			"request": {
				"method": "DELETE",
				"header": [
					{
						"key": "Authorization",
						"value": "{{tokenID}}",
						"type": "text"
					}
				],
				"url": {
					"raw": "{{baseURL}}/public/v2/users/{{user_id}}",
					"host": [
						"{{baseURL}}"
					],
					"path": [
						"public",
						"v2",
						"users",
						"{{user_id}}"
					]
				}
			},
			"response": []
		},
		{
			"name": "5-GetAUser",
			"event": [
				{
					"listen": "test",
					"script": {
						"exec": [
							"pm.test(\"Status code is 404\", function () {",
							"    pm.response.to.have.status(404);",
							"});",
							""
						],
						"type": "text/javascript",
						"packages": {}
					}
				}
			],
			"request": {
				"method": "GET",
				"header": [
					{
						"key": "Authorization",
						"value": "{{tokenID}}",
						"type": "text"
					}
				],
				"url": {
					"raw": "{{baseURL}}/public/v2/users/{{user_id}}",
					"host": [
						"{{baseURL}}"
					],
					"path": [
						"public",
						"v2",
						"users",
						"{{user_id}}"
					]
				}
			},
			"response": []
		}
	],
	"event": [
		{
			"listen": "prerequest",
			"script": {
				"type": "text/javascript",
				"packages": {},
				"exec": [
					""
				]
			}
		},
		{
			"listen": "test",
			"script": {
				"type": "text/javascript",
				"packages": {},
				"exec": [
					"pm.test(\"Response time is less than 5000ms\", function () {",
					"    pm.expect(pm.response.responseTime).to.be.below(5000);",
					"});",
					""
				]
			}
		}
	],
	"variable": [
		{
			"key": "tokenID",
			"value": "Bearer e4b8e1f593dc4a731a153c5ec8cc9b8bbb583ae964ce650a741113091b4e2ac6",
			"type": "string"
		}
	]
}